numOfPlayers,chanceOfRandom,branchingFactorAvg,branchingFactorMedian,depth
2,0.1,13.736842105263158,13,19
2,0.1,14.694444444444445,13.5,36
2,0.1,17.366666666666667,20.5,30
2,0.1,8.183333333333334,2,120
2,0.1,23.55,23,20
2,0.1,10.448275862068966,7,29
2,0.1,21.7,20.5,30
2,0.1,13.934782608695652,9,46
2,0.1,16.1,14,30
2,0.1,12.8,10.5,40
2,0.1,16.433333333333334,16,30
2,0.1,15.878048780487806,16,41
2,0.1,18.24137931034483,19,29
2,0.1,9.88679245283019,5,53
2,0.1,22.076923076923077,22.5,26
2,0.1,19.23076923076923,21.5,26
2,0.1,13.523809523809524,12,21
2,0.1,14.466666666666667,7,45
2,0.1,25.15,29,20
2,0.1,9.657894736842104,7,38
2,0.1,13.958333333333334,8.5,48
2,0.1,15.722222222222221,13.5,36
2,0.1,21.892857142857142,22,28
2,0.1,20.893617021276597,23,47
2,0.1,19.576923076923077,20,26
2,0.1,19.071428571428573,22,28
2,0.1,21,22,29
2,0.1,18.423076923076923,20,26
2,0.1,15.052631578947368,11.5,38
2,0.1,14.444444444444445,13,18
2,0.1,20.954545454545453,22.5,22
2,0.1,26.944444444444443,27,18
2,0.1,14.578947368421053,11,38
2,0.1,19.333333333333332,17,24
2,0.1,20.875,22,24
2,0.1,20.074074074074073,19,27
2,0.1,16.5,14,30
2,0.1,13.692307692307692,12,39
2,0.1,18,17,29
2,0.1,12,7,52
2,0.1,12.6,5,40
2,0.1,13.40625,11.5,32
2,0.1,21.714285714285715,22,35
2,0.1,17.266666666666666,15,30
2,0.1,10.692982456140351,6,114
2,0.1,18.848484848484848,20,33
2,0.1,13.090909090909092,11.5,22
2,0.1,17.3125,14.5,32
2,0.1,19,19,31
2,0.1,17.525,12,40
2,0.1,19.785714285714285,21,28
2,0.1,23.93103448275862,25,29
2,0.1,17.342105263157894,16.5,38
2,0.1,24.666666666666668,27.5,24
2,0.1,22.6,22,20
2,0.1,22.545454545454547,22.5,22
2,0.1,21.391304347826086,22,23
2,0.1,24.263157894736842,24,19
2,0.1,20.307692307692307,16,26
2,0.1,18.181818181818183,17,22
2,0.1,16.970588235294116,14,34
2,0.1,5.7534246575342465,4,73
2,0.1,17.852941176470587,18.5,34
2,0.1,21.1,21,20
2,0.1,14.925,10,40
2,0.1,20.12,19,25
2,0.1,26.458333333333332,29,24
2,0.1,19.161290322580644,17,31
2,0.1,27.928571428571427,32.5,14
2,0.1,18.692307692307693,18,26
2,0.1,18.4,18.5,30
2,0.1,9.095652173913043,6,115
2,0.1,18.838709677419356,14,31
2,0.1,9.052631578947368,4,76
2,0.1,13.404761904761905,7.5,42
2,0.1,20.40740740740741,20,27
2,0.1,17.666666666666668,15,33
2,0.1,27.125,27.5,24
2,0.1,25.42105263157895,21,19
2,0.1,13.75,10.5,24
2,0.1,16.03448275862069,13,29
2,0.1,15.285714285714286,10,21
2,0.1,16.59090909090909,15.5,44
2,0.1,12.6875,8,32
2,0.1,18.238095238095237,16,21
2,0.1,22.73913043478261,18,23
2,0.1,16.41176470588235,13,17
2,0.1,22,24,27
2,0.1,11.057142857142857,8,35
2,0.1,20.03125,20.5,32
2,0.1,25.15,29,20
2,0.1,19.103448275862068,17,29
2,0.1,12,11.5,22
2,0.1,21.714285714285715,21,28
2,0.1,11.25,6,60
2,0.1,23.55,23,20
2,0.1,15.722222222222221,13.5,36
2,0.1,15.423076923076923,10.5,26
2,0.1,17.142857142857142,13,28
2,0.1,19.964285714285715,19,28
3,0.1,18.175,17.5,40
3,0.1,15.96774193548387,15,31
3,0.1,21.097560975609756,22,41
3,0.1,13.066666666666666,10.5,60
3,0.1,14.2,13,35
3,0.1,14.186046511627907,14,43
3,0.1,16.275,17.5,40
3,0.1,17.43243243243243,18,37
3,0.1,13.041666666666666,13,48
3,0.1,20.29268292682927,18,41
3,0.1,16.232558139534884,17,43
3,0.1,16.45098039215686,15,51
3,0.1,15.833333333333334,16,36
3,0.1,13.352112676056338,13,71
3,0.1,16.254901960784313,15,51
3,0.1,17.02127659574468,15,47
3,0.1,15.085714285714285,13,35
3,0.1,13.416666666666666,13.5,36
3,0.1,16.571428571428573,18,49
3,0.1,13.783333333333333,12.5,60
3,0.1,15.392857142857142,16,56
3,0.1,12.820512820512821,13,39
3,0.1,19.806451612903224,19,62
3,0.1,8.061728395061728,4,81
3,0.1,16.946428571428573,17.5,56
3,0.1,16.65909090909091,16.5,44
3,0.1,19.591836734693878,20,49
3,0.1,16.666666666666668,17,57
3,0.1,14.05084745762712,13,59
3,0.1,18,14.5,38
3,0.1,17.177777777777777,18,45
3,0.1,14.818181818181818,14,22
3,0.1,12.628571428571428,12,35
3,0.1,18.558139534883722,17,43
3,0.1,15.621212121212121,15.5,66
3,0.1,15.884615384615385,16.5,52
3,0.1,13.2,13,55
3,0.1,15.44186046511628,14,43
3,0.1,16.08888888888889,14,45
3,0.1,16.547619047619047,18.5,42
3,0.1,13.692307692307692,13,52
3,0.1,21.132075471698112,19,53
3,0.1,12,12,43
3,0.1,16.74418604651163,18,43
3,0.1,11.476923076923077,9,65
3,0.1,12.733333333333333,13,30
3,0.1,15.547619047619047,17,42
3,0.1,14.833333333333334,13,42
3,0.1,15.166666666666666,14,36
3,0.1,17.871794871794872,19,39
3,0.1,20,19.5,40
3,0.1,18.52173913043478,16.5,46
3,0.1,15.925,17.5,40
3,0.1,15.513157894736842,16,76
3,0.1,18.77777777777778,19,45
3,0.1,16.536585365853657,15,41
3,0.1,13.711538461538462,13,52
3,0.1,13.642857142857142,13,42
3,0.1,13.493827160493828,9,81
3,0.1,16.54,15,50
3,0.1,14.268292682926829,14,41
3,0.1,15.777777777777779,16.5,72
3,0.1,15.862068965517242,18,29
3,0.1,14.837837837837839,14,37
3,0.1,17.902439024390244,19,41
3,0.1,17.5,17,72
3,0.1,13.578947368421053,13,57
3,0.1,18.785714285714285,17.5,42
3,0.1,15.585365853658537,18,41
3,0.1,12.426229508196721,10,61
3,0.1,16.295454545454547,14,44
3,0.1,15.636363636363637,15,33
3,0.1,14.943661971830986,14,71
3,0.1,13.692307692307692,13,52
3,0.1,16.333333333333332,18,51
3,0.1,16.782608695652176,16.5,46
3,0.1,16.794871794871796,16,39
3,0.1,14.6,13,55
3,0.1,9.5,6,74
3,0.1,10.218390804597702,7,87
3,0.1,12.39655172413793,10.5,58
3,0.1,13.596153846153847,14,52
3,0.1,12.909090909090908,13,55
3,0.1,13.76,13,50
3,0.1,16.869565217391305,15.5,46
3,0.1,14.80952380952381,14,63
3,0.1,16.754716981132077,18,53
3,0.1,15.282051282051283,14,39
3,0.1,11.674418604651162,8,43
3,0.1,17.458333333333332,18,48
3,0.1,14.404255319148936,13,47
3,0.1,17.20408163265306,17,49
3,0.1,16.416666666666668,17,48
3,0.1,16.178571428571427,16,56
3,0.1,14.392857142857142,13,56
3,0.1,12.666666666666666,9.5,54
3,0.1,14.222222222222221,13,45
3,0.1,17.895833333333332,16,48
3,0.1,5.597014925373134,2,134
3,0.1,18.036363636363635,18,55
4,0.1,10.315068493150685,6,73
4,0.1,14.943396226415095,13,53
4,0.1,15.225352112676056,13,71
4,0.1,16.52,13,75
4,0.1,15.701754385964913,13,57
4,0.1,17.60377358490566,13,53
4,0.1,16.904761904761905,16,63
4,0.1,13.75438596491228,13,57
4,0.1,16.253968253968253,13,63
4,0.1,17.78787878787879,17,33
4,0.1,9.175141242937853,7,177
4,0.1,12.1125,8,80
4,0.1,14.073170731707316,13,41
4,0.1,16.73469387755102,14,49
4,0.1,13.711864406779661,13,59
4,0.1,12.873239436619718,10,71
4,0.1,19.142857142857142,17,49
4,0.1,13.617283950617283,11,81
4,0.1,16.448979591836736,15,49
4,0.1,18.82456140350877,18,57
4,0.1,9.831683168316832,5,101
4,0.1,19.06122448979592,17,49
4,0.1,15.12962962962963,13,54
4,0.1,14.46938775510204,13,49
4,0.1,13.507936507936508,12,63
4,0.1,16.805555555555557,14.5,36
4,0.1,12.229508196721312,10,61
4,0.1,17.39622641509434,14,53
4,0.1,17.779661016949152,18,59
4,0.1,19.425925925925927,19.5,54
4,0.1,16.736842105263158,14,57
4,0.1,18.076923076923077,17.5,52
4,0.1,13.25,12.5,52
4,0.1,12.91025641025641,9,78
4,0.1,14.46551724137931,12.5,58
4,0.1,15.892857142857142,13,56
4,0.1,18.0625,13,48
4,0.1,14.344262295081966,13,61
4,0.1,14.803921568627452,13,51
4,0.1,10.526315789473685,6,95
4,0.1,16.48148148148148,15.5,54
4,0.1,13.772151898734178,11,79
4,0.1,14.947368421052632,13,57
4,0.1,16.52173913043478,14,69
4,0.1,14.285714285714286,11.5,70
4,0.1,9.924528301886792,6,106
4,0.1,19,16.5,54
4,0.1,16.314814814814813,13,54
4,0.1,17.735849056603772,15,53
4,0.1,15.517857142857142,13,56
4,0.1,13.583333333333334,13,84
4,0.1,17.296875,15,64
4,0.1,16.666666666666668,17,54
4,0.1,17.095238095238095,19,42
4,0.1,15.17142857142857,14,70
4,0.1,15.067796610169491,13,59
4,0.1,12.97872340425532,12,47
4,0.1,18.0625,16,48
4,0.1,15.76923076923077,14,39
4,0.1,19.014492753623188,18,69
4,0.1,12.857142857142858,13,49
4,0.1,14.137254901960784,13,51
4,0.1,12.804878048780488,11.5,82
4,0.1,16.385964912280702,14,57
4,0.1,19.3,17,50
4,0.1,14.0625,13,48
4,0.1,15.862068965517242,13,58
4,0.1,15.3,13.5,40
4,0.1,17.76923076923077,16,52
4,0.1,9.451923076923077,6,104
4,0.1,16.649122807017545,14,57
4,0.1,12.704918032786885,12,61
4,0.1,17.134328358208954,18,67
4,0.1,14.868852459016393,13,61
4,0.1,14.361702127659575,13,47
4,0.1,16.64516129032258,15.5,62
4,0.1,17.5625,16,48
4,0.1,14.528301886792454,13,53
4,0.1,16.32,13.5,50
4,0.1,13.901408450704226,12,71
4,0.1,14.95,13,40
4,0.1,13.480519480519481,12,77
4,0.1,11.03448275862069,9,58
4,0.1,14.51063829787234,13,47
4,0.1,18.306122448979593,15,49
4,0.1,21.727272727272727,21.5,66
4,0.1,16.488888888888887,13,45
4,0.1,17.16923076923077,15,65
4,0.1,12.900990099009901,11,101
4,0.1,15.862068965517242,13,58
4,0.1,19,18,45
4,0.1,12.709677419354838,12,62
4,0.1,16.566666666666666,15.5,60
4,0.1,15.588235294117647,13,51
4,0.1,16.884615384615383,14.5,52
4,0.1,14.294117647058824,12,51
4,0.1,14.24561403508772,13,57
4,0.1,11.790322580645162,9,62
4,0.1,19.163636363636364,15,55
4,0.1,17.46031746031746,15,63
2,0.2,19.296296296296298,16,27
2,0.2,16.214285714285715,13,28
2,0.2,21.875,19,32
2,0.2,13.666666666666666,12.5,36
2,0.2,16.6,13,35
2,0.2,15.685714285714285,7,35
2,0.2,15,13,32
2,0.2,14.235294117647058,13,34
2,0.2,18.90625,16.5,32
2,0.2,13.178571428571429,6.5,28
2,0.2,21.314285714285713,19,35
2,0.2,13.7,11,20
2,0.2,17.21153846153846,13,52
2,0.2,15.928571428571429,12.5,28
2,0.2,10.09433962264151,7,53
2,0.2,19.541666666666668,18.5,24
2,0.2,16.666666666666668,14,30
2,0.2,20.17391304347826,18,23
2,0.2,11.658536585365853,10,41
2,0.2,14.45,11,40
2,0.2,14.074074074074074,12,27
2,0.2,17.379310344827587,18,29
2,0.2,17.1,15,20
2,0.2,19.20689655172414,17,29
2,0.2,16.02777777777778,15,36
2,0.2,25.157894736842106,25,19
2,0.2,16.80952380952381,15,21
2,0.2,11.783783783783784,9,37
2,0.2,19.52173913043478,17,23
2,0.2,16.333333333333332,13,33
2,0.2,18.71875,18,32
2,0.2,15.365853658536585,11,41
2,0.2,9.695652173913043,6,46
2,0.2,23.37037037037037,24,27
2,0.2,21.27777777777778,21.5,36
2,0.2,19,19.5,26
2,0.2,19.304347826086957,18,23
2,0.2,21.772727272727273,23.5,22
2,0.2,16.5,15.5,24
2,0.2,22.40909090909091,24,22
2,0.2,15.423076923076923,13,26
2,0.2,21,20.5,26
2,0.2,16.666666666666668,14.5,18
2,0.2,12.093023255813954,8,43
2,0.2,15.08695652173913,13,23
2,0.2,17.16216216216216,13,37
2,0.2,21.242424242424242,20,33
2,0.2,13.65,13,20
2,0.2,16.08695652173913,13,23
2,0.2,16.419354838709676,13,31
2,0.2,13.5625,12.5,32
2,0.2,16.103448275862068,13,58
2,0.2,17.393939393939394,17,33
2,0.2,18.029411764705884,17,34
2,0.2,23.3,24,20
2,0.2,15.033333333333333,14,30
2,0.2,15.666666666666666,13,36
2,0.2,20.31578947368421,16,38
2,0.2,15.578947368421053,13,19
2,0.2,20.40740740740741,16,27
2,0.2,15.073170731707316,10,41
2,0.2,13.657894736842104,7.5,38
2,0.2,14.818181818181818,13,33
2,0.2,15.742857142857142,13,35
2,0.2,15.40625,11.5,32
2,0.2,13.151515151515152,13,33
2,0.2,20.916666666666668,22,24
2,0.2,13.842105263157896,8,38
2,0.2,16.76,16,25
2,0.2,18.4,18,35
2,0.2,13.333333333333334,12.5,24
2,0.2,12.153846153846153,10,39
2,0.2,12.272727272727273,10,33
2,0.2,11.566666666666666,12,30
2,0.2,19.615384615384617,20.5,26
2,0.2,26.63157894736842,28,19
2,0.2,23.357142857142858,22,28
2,0.2,19.36,19,25
2,0.2,16.391304347826086,15,23
2,0.2,17.77777777777778,18,36
2,0.2,13.636363636363637,11,33
2,0.2,19.238095238095237,16,21
2,0.2,13.736842105263158,8,57
2,0.2,23.5,21.5,24
2,0.2,23.071428571428573,23.5,28
2,0.2,13.846153846153847,13,39
2,0.2,14.294117647058824,11,17
2,0.2,16.208333333333332,13,24
2,0.2,10.145833333333334,5,48
2,0.2,15.464285714285714,12,28
2,0.2,13.425531914893616,10,47
2,0.2,15.631578947368421,13,38
2,0.2,17.454545454545453,18.5,22
2,0.2,17.266666666666666,13,30
2,0.2,15.958333333333334,15,48
2,0.2,11.857142857142858,12,28
2,0.2,14.625,13,32
2,0.2,19.555555555555557,21,36
2,0.2,17.193548387096776,15,31
2,0.2,18.695652173913043,15,23
3,0.2,14.381818181818181,13,55
3,0.2,15.085106382978724,13,47
3,0.2,14.854166666666666,13,48
3,0.2,12.425531914893616,10,47
3,0.2,15.10204081632653,14,49
3,0.2,17.82758620689655,18,29
3,0.2,15.246753246753247,11,77
3,0.2,18.441860465116278,18,43
3,0.2,15.170731707317072,14,41
3,0.2,13.05,13,40
3,0.2,14.153846153846153,13,65
3,0.2,18.581818181818182,17,55
3,0.2,14.061224489795919,14,49
3,0.2,18.294117647058822,16,51
3,0.2,12.833333333333334,13,48
3,0.2,17.25,16.5,40
3,0.2,13.903225806451612,11.5,62
3,0.2,16.078125,14.5,64
3,0.2,14.5625,13.5,32
3,0.2,19.285714285714285,20,49
3,0.2,19.483870967741936,20,62
3,0.2,13.183333333333334,8.5,60
3,0.2,13.368421052631579,13,38
3,0.2,16.674418604651162,15,43
3,0.2,17.055555555555557,18,72
3,0.2,14.617647058823529,13,34
3,0.2,19.97142857142857,19,35
3,0.2,16.096153846153847,15.5,52
3,0.2,18.38888888888889,16,54
3,0.2,14.895833333333334,14,48
3,0.2,11.944444444444445,9.5,54
3,0.2,11.614035087719298,10,57
3,0.2,15.26,13.5,50
3,0.2,14.209302325581396,13,43
3,0.2,16.513513513513512,15,37
3,0.2,16.775,17,40
3,0.2,14.30188679245283,16,53
3,0.2,19.88,15.5,50
3,0.2,18.863636363636363,17.5,44
3,0.2,17.625,19,48
3,0.2,14.46,16,50
3,0.2,13.97872340425532,13,47
3,0.2,16.446153846153845,17,65
3,0.2,16.3768115942029,17,69
3,0.2,15.846153846153847,14.5,52
3,0.2,15.645833333333334,15,48
3,0.2,16.63888888888889,17,72
3,0.2,16.944444444444443,15.5,54
3,0.2,8.051724137931034,5,58
3,0.2,9.414285714285715,6,70
3,0.2,22.942857142857143,21,35
3,0.2,18.5609756097561,20,41
3,0.2,17.88888888888889,17.5,54
3,0.2,18.419354838709676,17,62
3,0.2,12.583333333333334,10,48
3,0.2,18.76086956521739,17,46
3,0.2,17.81578947368421,16.5,38
3,0.2,13.017543859649123,10,57
3,0.2,17.46875,19,32
3,0.2,15.078125,16,64
3,0.2,22.474358974358974,22,78
3,0.2,17.637931034482758,17,58
3,0.2,15.634146341463415,17,41
3,0.2,14.714285714285714,15,49
3,0.2,16.029411764705884,14.5,34
3,0.2,16.26086956521739,13,46
3,0.2,18.186046511627907,15,43
3,0.2,18.88135593220339,19,59
3,0.2,19.162790697674417,18,43
3,0.2,17.285714285714285,15.5,56
3,0.2,19.836734693877553,21,49
3,0.2,13.341463414634147,13,41
3,0.2,12.6875,10,64
3,0.2,9.147540983606557,6,61
3,0.2,19.353846153846153,18,65
3,0.2,16.208333333333332,15.5,48
3,0.2,17.528301886792452,13,53
3,0.2,17.085714285714285,19,35
3,0.2,20.236363636363638,21,55
3,0.2,18.02,17,50
3,0.2,13.078125,12,64
3,0.2,15.375,14,48
3,0.2,16.903846153846153,17,52
3,0.2,12.686274509803921,13,51
3,0.2,16.162790697674417,16,43
3,0.2,14.24390243902439,13,41
3,0.2,14,14,55
3,0.2,14.385964912280702,13,57
3,0.2,14.212121212121213,14,66
3,0.2,14.73469387755102,13,49
3,0.2,14.738461538461538,15,65
3,0.2,16.75,17,64
3,0.2,18.321428571428573,20,56
3,0.2,15.893617021276595,15,47
3,0.2,20.813953488372093,20,43
3,0.2,18.879518072289155,20,83
3,0.2,12.6,12,85
3,0.2,15.711864406779661,15,59
3,0.2,13.977777777777778,13,45
3,0.2,13,13,53
4,0.2,20.152173913043477,16,46
4,0.2,18.859649122807017,16,57
4,0.2,14.23076923076923,13,52
4,0.2,15.96,15,50
4,0.2,20.142857142857142,21,49
4,0.2,13.826086956521738,11,69
4,0.2,14.616438356164384,13,73
4,0.2,8.60377358490566,4,106
4,0.2,16.132075471698112,16,53
4,0.2,15.033333333333333,14,60
4,0.2,12.24,10,50
4,0.2,16.162790697674417,16,43
4,0.2,16.35185185185185,13,54
4,0.2,15.217391304347826,12.5,46
4,0.2,16.4,13,50
4,0.2,14.666666666666666,13,63
4,0.2,15.651162790697674,15,43
4,0.2,13.569767441860465,13,86
4,0.2,18.65,17,40
4,0.2,15.90625,13.5,64
4,0.2,14.714285714285714,13,49
4,0.2,17.25531914893617,13,47
4,0.2,20.638297872340427,23,47
4,0.2,13.293103448275861,11,58
4,0.2,12.76923076923077,12.5,52
4,0.2,16.458333333333332,13,48
4,0.2,14.413793103448276,13,58
4,0.2,11.585714285714285,11,70
4,0.2,17.278688524590162,16,61
4,0.2,18.75,19,60
4,0.2,17.90566037735849,15,53
4,0.2,17.472727272727273,16,55
4,0.2,12.04054054054054,9,74
4,0.2,14.633333333333333,13,60
4,0.2,14.935483870967742,12.5,62
4,0.2,17.233333333333334,17,60
4,0.2,14.40983606557377,13,61
4,0.2,14.844444444444445,13,45
4,0.2,14.916666666666666,13,48
4,0.2,20.054545454545455,21,55
4,0.2,14.4375,13,64
4,0.2,13.918032786885245,13,61
4,0.2,12.573333333333334,8,75
4,0.2,16.183673469387756,13,49
4,0.2,15.34,12.5,50
4,0.2,13.96923076923077,14,65
4,0.2,15.290909090909091,15,55
4,0.2,18.76923076923077,17.5,52
4,0.2,15.055555555555555,14,72
4,0.2,15.61111111111111,13,54
4,0.2,15.818181818181818,13,55
4,0.2,12.895833333333334,11.5,48
4,0.2,14.895833333333334,13,48
4,0.2,15.74074074074074,13.5,54
4,0.2,15.238095238095237,13,63
4,0.2,18.73913043478261,17,46
4,0.2,12.537037037037036,9.5,54
4,0.2,13.186666666666667,11,75
4,0.2,14.666666666666666,13,60
4,0.2,20.591836734693878,19,49
4,0.2,13.9375,12.5,48
4,0.2,15.4125,15,80
4,0.2,11.447058823529412,10,85
4,0.2,15.192307692307692,13,104
4,0.2,13.132352941176471,12.5,68
4,0.2,15.430769230769231,13,65
4,0.2,19.18867924528302,17,53
4,0.2,16.80701754385965,19,57
4,0.2,16.45,13,40
4,0.2,17.88888888888889,17,45
4,0.2,15.425531914893616,14,47
4,0.2,13.480519480519481,13,77
4,0.2,9.926315789473684,4,95
4,0.2,12.393939393939394,12.5,66
4,0.2,16.59016393442623,15,61
4,0.2,14.636363636363637,13.5,44
4,0.2,13.76,13,50
4,0.2,14.333333333333334,12,45
4,0.2,11.140845070422536,6,71
4,0.2,15.205479452054794,13,73
4,0.2,15.245283018867925,16,53
4,0.2,14.169811320754716,12,53
4,0.2,13.028571428571428,11,70
4,0.2,11.85135135135135,7,74
4,0.2,19.426470588235293,17,68
4,0.2,14.516129032258064,13,62
4,0.2,18.310344827586206,17,58
4,0.2,18.125,18,40
4,0.2,15.689655172413794,13,58
4,0.2,22.5,20.5,56
4,0.2,13.898305084745763,13,59
4,0.2,13.135135135135135,10.5,74
4,0.2,15.73015873015873,15,63
4,0.2,16.318181818181817,13.5,66
4,0.2,11.796296296296296,10.5,54
4,0.2,15.767441860465116,14.5,86
4,0.2,15.23728813559322,13,59
4,0.2,16.24590163934426,14,61
4,0.2,16.340425531914892,17,47
4,0.2,15,13,57
2,0.05,20.192307692307693,20,26
2,0.05,22.821428571428573,21,28
2,0.05,16.5,14,34
2,0.05,15.722222222222221,13.5,36
2,0.05,22.51851851851852,22,27
2,0.05,15.722222222222221,13.5,36
2,0.05,14.4,14,25
2,0.05,24.263157894736842,23,19
2,0.05,15.722222222222221,13.5,36
2,0.05,18.73076923076923,18,26
2,0.05,14.65,13,40
2,0.05,21.107142857142858,22,28
2,0.05,23,24,20
2,0.05,16.78787878787879,14,33
2,0.05,18.642857142857142,17,28
2,0.05,14.354166666666666,10,48
2,0.05,15.722222222222221,13.5,36
2,0.05,22.727272727272727,23.5,22
2,0.05,18.03846153846154,18,26
2,0.05,15.722222222222221,13.5,36
2,0.05,16.344827586206897,18,29
2,0.05,20.875,22,24
2,0.05,15.722222222222221,13.5,36
2,0.05,21.1,21,20
2,0.05,12.185185185185185,4,54
2,0.05,14.434782608695652,13,23
2,0.05,18.964285714285715,17,28
2,0.05,16.5,14,34
2,0.05,16.767441860465116,14,43
2,0.05,14.428571428571429,8,35
2,0.05,15.722222222222221,13.5,36
2,0.05,12.956521739130435,9,23
2,0.05,15.722222222222221,13.5,36
2,0.05,16.5,14,34
2,0.05,15.13888888888889,13.5,36
2,0.05,21.38095238095238,22,21
2,0.05,11.617021276595745,12,47
2,0.05,19.96551724137931,16,29
2,0.05,18.235294117647058,17.5,34
2,0.05,16.952380952380953,18,21
2,0.05,15.722222222222221,13.5,36
2,0.05,15.722222222222221,13.5,36
2,0.05,25.529411764705884,25.5,34
2,0.05,17.09090909090909,16,22
2,0.05,15.722222222222221,13.5,36
2,0.05,20.79310344827586,20,29
2,0.05,9.115384615384615,4,78
2,0.05,15.083333333333334,13,36
2,0.05,19.307692307692307,15.5,26
2,0.05,13.696969696969697,11,33
2,0.05,15.722222222222221,13.5,36
2,0.05,20.26923076923077,22,26
2,0.05,14.363636363636363,9.5,44
2,0.05,15.722222222222221,13.5,36
2,0.05,15.722222222222221,13.5,36
2,0.05,15.722222222222221,13.5,36
2,0.05,15.175,11.5,40
2,0.05,23,24,20
2,0.05,17,17,23
2,0.05,23.130434782608695,22,23
2,0.05,18.82758620689655,21,29
2,0.05,15.722222222222221,13.5,36
2,0.05,17.24137931034483,14,29
2,0.05,13.652173913043478,11,23
2,0.05,15.722222222222221,13.5,36
2,0.05,17.818181818181817,16.5,22
2,0.05,19.964285714285715,19,28
2,0.05,18.3,15.5,30
2,0.05,11.205882352941176,9,34
2,0.05,20.115384615384617,20,26
2,0.05,19.692307692307693,20,26
2,0.05,15.764705882352942,15,34
2,0.05,15.722222222222221,13.5,36
2,0.05,15.722222222222221,13.5,36
2,0.05,18.3,15.5,30
2,0.05,22.416666666666668,23,24
2,0.05,7.852564102564102,5,156
2,0.05,15.722222222222221,13.5,36
2,0.05,10.404761904761905,6.5,42
2,0.05,10.07843137254902,6,51
2,0.05,24.192307692307693,31,26
2,0.05,19.142857142857142,17,28
2,0.05,11.178082191780822,7,73
2,0.05,13.416666666666666,10,48
2,0.05,15.722222222222221,13.5,36
2,0.05,21.47222222222222,20.5,36
2,0.05,17.3125,14.5,32
2,0.05,18,13.5,26
2,0.05,20.90909090909091,21.5,22
2,0.05,17.615384615384617,13,26
2,0.05,18.066666666666666,15.5,30
2,0.05,17.964285714285715,18,28
2,0.05,15.666666666666666,13.5,36
2,0.05,15.694444444444445,13.5,36
2,0.05,18.333333333333332,15.5,30
2,0.05,22,22,24
2,0.05,14.871794871794872,13,39
2,0.05,18.3,15.5,30
2,0.05,16.176470588235293,12.5,34
2,0.05,15.722222222222221,13.5,36
3,0.05,17.902439024390244,19,41
3,0.05,8.83529411764706,5,85
3,0.05,19.45,19,40
3,0.05,14.64864864864865,14,37
3,0.05,16.857142857142858,16.5,42
3,0.05,17.902439024390244,19,41
3,0.05,15.343283582089553,16,67
3,0.05,14.742268041237113,15,97
3,0.05,17.75,18.5,52
3,0.05,18.27027027027027,18,37
3,0.05,16.305555555555557,17.5,36
3,0.05,15.926829268292684,14,41
3,0.05,17.902439024390244,19,41
3,0.05,11.613636363636363,7.5,88
3,0.05,13.685185185185185,13,54
3,0.05,17.93877551020408,16,49
3,0.05,14.875,13,40
3,0.05,19,20,53
3,0.05,15.659574468085106,16,47
3,0.05,18.016129032258064,16.5,62
3,0.05,17.902439024390244,19,41
3,0.05,17.396825396825395,15,63
3,0.05,16.103448275862068,16.5,58
3,0.05,17.902439024390244,19,41
3,0.05,19.083333333333332,18,60
3,0.05,17.794871794871796,19,39
3,0.05,17.902439024390244,19,41
3,0.05,16.954545454545453,13.5,44
3,0.05,17.902439024390244,19,41
3,0.05,21.555555555555557,21,63
3,0.05,7.925581395348837,6,215
3,0.05,13.170212765957446,13,47
3,0.05,17.714285714285715,19,42
3,0.05,17.902439024390244,19,41
3,0.05,15.782608695652174,15,46
3,0.05,15.115384615384615,17,52
3,0.05,15.109375,11,64
3,0.05,15.119047619047619,13.5,42
3,0.05,15.422222222222222,16,45
3,0.05,20.098039215686274,20,51
3,0.05,10.865384615384615,5,104
3,0.05,15.083333333333334,14,48
3,0.05,18,18,47
3,0.05,11.898550724637682,11,69
3,0.05,17.227272727272727,18.5,44
3,0.05,12.761194029850746,8,67
3,0.05,16.954545454545453,19,44
3,0.05,15.128205128205128,13,39
3,0.05,18.12121212121212,19,33
3,0.05,17.902439024390244,19,41
3,0.05,17.902439024390244,19,41
3,0.05,16.755555555555556,19,45
3,0.05,15.627450980392156,17,51
3,0.05,12.75,10,36
3,0.05,18.48936170212766,19,47
3,0.05,12.375,11,56
3,0.05,10.813953488372093,9.5,86
3,0.05,17.22222222222222,19,45
3,0.05,17.902439024390244,19,41
3,0.05,17.333333333333332,17,57
3,0.05,17.902439024390244,19,41
3,0.05,14.804878048780488,13,41
3,0.05,17.511111111111113,19,45
3,0.05,13.428571428571429,9,49
3,0.05,9.606741573033707,4,89
3,0.05,18.49056603773585,18,53
3,0.05,17.902439024390244,19,41
3,0.05,13.20754716981132,13,53
3,0.05,13.55813953488372,13,43
3,0.05,15.085714285714285,13,35
3,0.05,17.902439024390244,19,41
3,0.05,17.897058823529413,19,68
3,0.05,10.296296296296296,6.5,54
3,0.05,18.513513513513512,19,37
3,0.05,14.228571428571428,13,35
3,0.05,15.777777777777779,13,45
3,0.05,19.384615384615383,20,39
3,0.05,14.166666666666666,13,48
3,0.05,17.902439024390244,19,41
3,0.05,15.306122448979592,13,49
3,0.05,16.444444444444443,14.5,54
3,0.05,11.414634146341463,12,41
3,0.05,17.333333333333332,16,66
3,0.05,13.473684210526315,12,57
3,0.05,17.902439024390244,19,41
3,0.05,14.106382978723405,11,47
3,0.05,17.902439024390244,19,41
3,0.05,17.02173913043478,17,46
3,0.05,11.955555555555556,10,45
3,0.05,16.75,16,52
3,0.05,19.142857142857142,19,49
3,0.05,13.818181818181818,13,55
3,0.05,16.305084745762713,15,59
3,0.05,17.714285714285715,19,42
3,0.05,16.576923076923077,16.5,52
3,0.05,16.3953488372093,17,43
3,0.05,13.363636363636363,13,33
3,0.05,19.142857142857142,19,49
3,0.05,17.902439024390244,19,41
3,0.05,16.62,14,50
4,0.05,17,16,49
4,0.05,15.75925925925926,13,54
4,0.05,15.862068965517242,13,58
4,0.05,11.192307692307692,10,52
4,0.05,14.979166666666666,13,48
4,0.05,22.732142857142858,21,56
4,0.05,16.10909090909091,16,55
4,0.05,19.275862068965516,19.5,58
4,0.05,18.25,17,52
4,0.05,17.56756756756757,13,37
4,0.05,20.310344827586206,18,58
4,0.05,18.150943396226417,18,53
4,0.05,15,13,48
4,0.05,15.931034482758621,13,58
4,0.05,16.642857142857142,13.5,56
4,0.05,10.964285714285714,8,56
4,0.05,18.318181818181817,14.5,44
4,0.05,19.04255319148936,18,47
4,0.05,12.5,10.5,74
4,0.05,15.28888888888889,13,45
4,0.05,16.703703703703702,14,54
4,0.05,7.979591836734694,3,147
4,0.05,11.122448979591837,6,98
4,0.05,12.273809523809524,8.5,84
4,0.05,14.909090909090908,10,55
4,0.05,20.22222222222222,20.5,54
4,0.05,14.489795918367347,13,49
4,0.05,17.533333333333335,16,45
4,0.05,17.318181818181817,17,44
4,0.05,15.648148148148149,13,54
4,0.05,15.764705882352942,13,51
4,0.05,24.41304347826087,21.5,46
4,0.05,9.877551020408163,4,98
4,0.05,16.703703703703702,14,54
4,0.05,17.58,15.5,50
4,0.05,16.116666666666667,13.5,60
4,0.05,12.137254901960784,11,51
4,0.05,15.415094339622641,13,53
4,0.05,18.714285714285715,18,49
4,0.05,18.60655737704918,18,61
4,0.05,18.6,17,45
4,0.05,15.5,13,66
4,0.05,19.436363636363637,19,55
4,0.05,15.94,13,50
4,0.05,19.136363636363637,18,44
4,0.05,14.45,12.5,60
4,0.05,7.881619937694704,6,321
4,0.05,10.859649122807017,4,114
4,0.05,12.492307692307692,8,65
4,0.05,16.642857142857142,16,56
4,0.05,24.114285714285714,24,35
4,0.05,15.862068965517242,13,58
4,0.05,18.950819672131146,17,61
4,0.05,14.026666666666667,13,75
4,0.05,14.079365079365079,13,63
4,0.05,18.113636363636363,17,44
4,0.05,12.197368421052632,6,76
4,0.05,14.75438596491228,13,57
4,0.05,16.74576271186441,17,59
4,0.05,16.537037037037038,16.5,54
4,0.05,6.83125,2,160
4,0.05,17.181818181818183,14,66
4,0.05,17.274509803921568,15,51
4,0.05,12.492753623188406,11,69
4,0.05,14.9,13,40
4,0.05,17.24,15.5,50
4,0.05,17.902439024390244,16,41
4,0.05,14.714285714285714,14,63
4,0.05,19.23728813559322,20,59
4,0.05,17.115384615384617,14.5,52
4,0.05,12.396825396825397,9,63
4,0.05,17.040816326530614,16,49
4,0.05,15.21951219512195,13,41
4,0.05,18.166666666666668,16,48
4,0.05,17.296875,16,64
4,0.05,18.41304347826087,14,46
4,0.05,15.867924528301886,15,53
4,0.05,11.03061224489796,7,98
4,0.05,18.933333333333334,18,45
4,0.05,12.666666666666666,12,57
4,0.05,14.338461538461539,11,65
4,0.05,15.035714285714286,13,56
4,0.05,16.38,13,50
4,0.05,14.568965517241379,13,58
4,0.05,24.022727272727273,20.5,44
4,0.05,9.734513274336283,4,113
4,0.05,10.28448275862069,6,116
4,0.05,17.137254901960784,16,51
4,0.05,11.32876712328767,8,73
4,0.05,5.807881773399015,2,203
4,0.05,17.470588235294116,16,51
4,0.05,12.508771929824562,7,57
4,0.05,15.862068965517242,13,58
4,0.05,17.235294117647058,16,51
4,0.05,19.23728813559322,20,59
4,0.05,16.90909090909091,13,44
4,0.05,15.862068965517242,13,58
4,0.05,15.944444444444445,13,54
4,0.05,18.454545454545453,17,55
4,0.05,15.862068965517242,13,58
